-- Очистка в порядке FK
TRUNCATE access_check_log, event_log, progress_state, access_grant, payment, materials, media, lessons, courses, users RESTART IDENTITY CASCADE;

-- UUID-схема:
--   00000001-... пользователи
--   00000002-... курсы
--   00000003-... уроки
--   00000004-... медиа
--   00000005-... материалы
--   00000006-... транзакции (txn)
--   00000007-... корзины (cart)
--   00000008-... гранты доступа

-- =========================
-- Users (3 учителя, 7 студентов)
-- =========================
INSERT INTO users (id, email, password_hash, full_name, role, created_at, updated_at) VALUES
('00000001-0000-0000-0000-000000000001', 'ivan.petrov@example.com',     '$2a$10$aaa', 'Иван Петров',     'teacher', now(), now()),
('00000001-0000-0000-0000-000000000002', 'maria.smirnova@example.com',  '$2a$10$bbb', 'Мария Смирнова',  'teacher', now(), now()),
('00000001-0000-0000-0000-000000000003', 'oleg.kuzmin@example.com',     '$2a$10$ccc', 'Олег Кузьмин',    'teacher', now(), now()),
('00000001-0000-0000-0000-000000000004', 'anna.volkova@example.com',    '$2a$10$ddd', 'Анна Волкова',    'student', now(), now()),
('00000001-0000-0000-0000-000000000005', 'dmitry.novak@example.com',    '$2a$10$eee', 'Дмитрий Новак',   'student', now(), now()),
('00000001-0000-0000-0000-000000000006', 'elena.sorokina@example.com',  '$2a$10$fff', 'Елена Сорокина',  'student', now(), now()),
('00000001-0000-0000-0000-000000000007', 'pavel.morozov@example.com',   '$2a$10$ggg', 'Павел Морозов',   'student', now(), now()),
('00000001-0000-0000-0000-000000000008', 'natalia.kozlova@example.com', '$2a$10$hhh', 'Наталья Козлова', 'student', now(), now()),
('00000001-0000-0000-0000-000000000009', 'sergei.lebedev@example.com',  '$2a$10$iii', 'Сергей Лебедев',  'student', now(), now()),
('00000001-0000-0000-0000-000000000010', 'yulia.titova@example.com',    '$2a$10$jjj', 'Юлия Титова',     'student', now(), now());

-- =========================
-- Courses
-- =========================
INSERT INTO courses (id, teacher_id, title, description, price, currency, status, created_at, updated_at) VALUES
('00000002-0000-0000-0000-000000000001', '00000001-0000-0000-0000-000000000001', 'Python для начинающих',        'Основы программирования на Python',         1990.00, 'RUB', 'published', now(), now()),
('00000002-0000-0000-0000-000000000002', '00000001-0000-0000-0000-000000000001', 'Django: веб-разработка',       'Создание веб-приложений на Django',         3490.00, 'RUB', 'published', now(), now()),
('00000002-0000-0000-0000-000000000003', '00000001-0000-0000-0000-000000000002', 'SQL с нуля',                   'Реляционные БД и язык SQL',                 2490.00, 'RUB', 'published', now(), now()),
('00000002-0000-0000-0000-000000000004', '00000001-0000-0000-0000-000000000002', 'PostgreSQL углублённо',         'Оптимизация запросов и администрирование',  4990.00, 'RUB', 'draft',     now(), now()),
('00000002-0000-0000-0000-000000000005', '00000001-0000-0000-0000-000000000003', 'Docker и контейнеризация',     'Docker, Compose, основы оркестрации',       2990.00, 'RUB', 'published', now(), now()),
('00000002-0000-0000-0000-000000000006', '00000001-0000-0000-0000-000000000003', 'Git для команды',              'Ветки, merge, rebase, CI-интеграция',        990.00, 'RUB', 'published', now(), now()),
('00000002-0000-0000-0000-000000000007', '00000001-0000-0000-0000-000000000001', 'FastAPI: REST API',            'Быстрый REST на Python',                    2990.00, 'RUB', 'published', now(), now()),
('00000002-0000-0000-0000-000000000008', '00000001-0000-0000-0000-000000000002', 'Linux для разработчика',       'Командная строка, скрипты, процессы',       1490.00, 'RUB', 'published', now(), now()),
('00000002-0000-0000-0000-000000000009', '00000001-0000-0000-0000-000000000003', 'Алгоритмы и структуры данных', 'Основные алгоритмы для собеседований',      3990.00, 'RUB', 'archived',  now(), now()),
('00000002-0000-0000-0000-000000000010', '00000001-0000-0000-0000-000000000002', 'Тестирование на Python',       'pytest, mock, TDD',                         1990.00, 'RUB', 'published', now(), now());

-- =========================
-- Lessons (уникальный position внутри курса)
-- =========================
INSERT INTO lessons (id, course_id, title, lesson_type, position, created_at, updated_at) VALUES
('00000003-0000-0000-0000-000000000001', '00000002-0000-0000-0000-000000000001', 'Введение в Python',        'video', 1, now(), now()),
('00000003-0000-0000-0000-000000000002', '00000002-0000-0000-0000-000000000001', 'Переменные и типы данных', 'video', 2, now(), now()),
('00000003-0000-0000-0000-000000000003', '00000002-0000-0000-0000-000000000002', 'Установка Django',         'video', 1, now(), now()),
('00000003-0000-0000-0000-000000000004', '00000002-0000-0000-0000-000000000002', 'Модели и ORM',             'mixed', 2, now(), now()),
('00000003-0000-0000-0000-000000000005', '00000002-0000-0000-0000-000000000003', 'Что такое SQL',            'video', 1, now(), now()),
('00000003-0000-0000-0000-000000000006', '00000002-0000-0000-0000-000000000003', 'SELECT и фильтрация',      'mixed', 2, now(), now()),
('00000003-0000-0000-0000-000000000007', '00000002-0000-0000-0000-000000000005', 'Что такое Docker',         'video', 1, now(), now()),
('00000003-0000-0000-0000-000000000008', '00000002-0000-0000-0000-000000000005', 'Dockerfile и образы',      'video', 2, now(), now()),
('00000003-0000-0000-0000-000000000009', '00000002-0000-0000-0000-000000000006', 'Основы Git',               'video', 1, now(), now()),
('00000003-0000-0000-0000-000000000010', '00000002-0000-0000-0000-000000000007', 'Введение в FastAPI',        'video', 1, now(), now());

-- =========================
-- Media
-- =========================
INSERT INTO media (id, lesson_id, url, duration_ms, media_type, created_at) VALUES
('00000004-0000-0000-0000-000000000001', '00000003-0000-0000-0000-000000000001', 'https://cdn.example.com/video/py-intro.mp4',       1823000, 'video', now()),
('00000004-0000-0000-0000-000000000002', '00000003-0000-0000-0000-000000000002', 'https://cdn.example.com/video/py-types.mp4',        2145000, 'video', now()),
('00000004-0000-0000-0000-000000000003', '00000003-0000-0000-0000-000000000003', 'https://cdn.example.com/video/django-install.mp4',  1560000, 'video', now()),
('00000004-0000-0000-0000-000000000004', '00000003-0000-0000-0000-000000000004', 'https://cdn.example.com/video/django-orm.mp4',      3210000, 'video', now()),
('00000004-0000-0000-0000-000000000005', '00000003-0000-0000-0000-000000000005', 'https://cdn.example.com/video/sql-intro.mp4',       1920000, 'video', now()),
('00000004-0000-0000-0000-000000000006', '00000003-0000-0000-0000-000000000006', 'https://cdn.example.com/video/sql-select.mp4',      2700000, 'video', now()),
('00000004-0000-0000-0000-000000000007', '00000003-0000-0000-0000-000000000007', 'https://cdn.example.com/video/docker-intro.mp4',    2100000, 'video', now()),
('00000004-0000-0000-0000-000000000008', '00000003-0000-0000-0000-000000000008', 'https://cdn.example.com/video/dockerfile.mp4',      2880000, 'video', now()),
('00000004-0000-0000-0000-000000000009', '00000003-0000-0000-0000-000000000009', 'https://cdn.example.com/video/git-basics.mp4',      1650000, 'video', now()),
('00000004-0000-0000-0000-000000000010', '00000003-0000-0000-0000-000000000010', 'https://cdn.example.com/video/fastapi-intro.mp4',   2340000, 'video', now());

-- =========================
-- Materials
-- =========================
INSERT INTO materials (id, lesson_id, title, url, material_type, created_at) VALUES
('00000005-0000-0000-0000-000000000001', '00000003-0000-0000-0000-000000000001', 'Конспект: Введение в Python',   'https://cdn.example.com/pdf/py-intro.pdf',        'pdf',  now()),
('00000005-0000-0000-0000-000000000002', '00000003-0000-0000-0000-000000000002', 'Шпаргалка по типам данных',     'https://cdn.example.com/pdf/py-types.pdf',        'pdf',  now()),
('00000005-0000-0000-0000-000000000003', '00000003-0000-0000-0000-000000000003', 'Архив с проектом Django',       'https://cdn.example.com/zip/django-starter.zip',  'zip',  now()),
('00000005-0000-0000-0000-000000000004', '00000003-0000-0000-0000-000000000004', 'Документация Django ORM',       'https://docs.djangoproject.com/en/stable/orm/',    'link', now()),
('00000005-0000-0000-0000-000000000005', '00000003-0000-0000-0000-000000000005', 'Slides: SQL основы',            'https://cdn.example.com/pdf/sql-intro.pdf',        'pdf',  now()),
('00000005-0000-0000-0000-000000000006', '00000003-0000-0000-0000-000000000006', 'Задачи на SELECT',              'https://cdn.example.com/pdf/sql-tasks.pdf',        'pdf',  now()),
('00000005-0000-0000-0000-000000000007', '00000003-0000-0000-0000-000000000007', 'Шпаргалка по командам Docker',  'https://cdn.example.com/pdf/docker-cheat.pdf',     'pdf',  now()),
('00000005-0000-0000-0000-000000000008', '00000003-0000-0000-0000-000000000008', 'Примеры Dockerfile',            'https://cdn.example.com/zip/dockerfiles.zip',      'zip',  now()),
('00000005-0000-0000-0000-000000000009', '00000003-0000-0000-0000-000000000009', 'Git workflow',                  'https://cdn.example.com/pdf/git-flow.pdf',         'pdf',  now()),
('00000005-0000-0000-0000-000000000010', '00000003-0000-0000-0000-000000000010', 'Стартовый проект FastAPI',      'https://cdn.example.com/zip/fastapi-starter.zip',  'zip',  now());

-- =========================
-- Payment
-- Все 10 succeeded/refunded чтобы каждый мог получить грант
-- =========================
INSERT INTO payment (txn_id, cart_id, actor_id, course_id, amount, currency, status, sandbox, failure_code, created_at) VALUES
('00000006-0000-0000-0000-000000000001', '00000007-0000-0000-0000-000000000001', '00000001-0000-0000-0000-000000000004', '00000002-0000-0000-0000-000000000001', 1990.00, 'RUB', 'succeeded', true, NULL, now()),
('00000006-0000-0000-0000-000000000002', '00000007-0000-0000-0000-000000000002', '00000001-0000-0000-0000-000000000004', '00000002-0000-0000-0000-000000000003', 2490.00, 'RUB', 'succeeded', true, NULL, now()),
('00000006-0000-0000-0000-000000000003', '00000007-0000-0000-0000-000000000003', '00000001-0000-0000-0000-000000000005', '00000002-0000-0000-0000-000000000001', 1990.00, 'RUB', 'succeeded', true, NULL, now()),
('00000006-0000-0000-0000-000000000004', '00000007-0000-0000-0000-000000000004', '00000001-0000-0000-0000-000000000005', '00000002-0000-0000-0000-000000000005', 2990.00, 'RUB', 'succeeded', true, NULL, now()),
('00000006-0000-0000-0000-000000000005', '00000007-0000-0000-0000-000000000005', '00000001-0000-0000-0000-000000000006', '00000002-0000-0000-0000-000000000002', 3490.00, 'RUB', 'succeeded', true, NULL, now()),
('00000006-0000-0000-0000-000000000006', '00000007-0000-0000-0000-000000000006', '00000001-0000-0000-0000-000000000007', '00000002-0000-0000-0000-000000000006',  990.00, 'RUB', 'succeeded', true, NULL, now()),
('00000006-0000-0000-0000-000000000007', '00000007-0000-0000-0000-000000000007', '00000001-0000-0000-0000-000000000008', '00000002-0000-0000-0000-000000000007', 2990.00, 'RUB', 'refunded',  true, NULL, now()),
('00000006-0000-0000-0000-000000000008', '00000007-0000-0000-0000-000000000008', '00000001-0000-0000-0000-000000000009', '00000002-0000-0000-0000-000000000008', 1490.00, 'RUB', 'succeeded', true, NULL, now()),
('00000006-0000-0000-0000-000000000009', '00000007-0000-0000-0000-000000000009', '00000001-0000-0000-0000-000000000010', '00000002-0000-0000-0000-000000000003', 2490.00, 'RUB', 'succeeded', true, NULL, now()),
('00000006-0000-0000-0000-000000000010', '00000007-0000-0000-0000-000000000010', '00000001-0000-0000-0000-000000000006', '00000002-0000-0000-0000-000000000010', 1990.00, 'RUB', 'succeeded', true, NULL, now());

-- =========================
-- Access grant (уникальный actor+course+txn, все ссылаются на succeeded/refunded платежи)
-- =========================
INSERT INTO access_grant (grant_id, actor_id, course_id, txn_id, granted_at, revoked_at, revoke_reason) VALUES
('00000008-0000-0000-0000-000000000001', '00000001-0000-0000-0000-000000000004', '00000002-0000-0000-0000-000000000001', '00000006-0000-0000-0000-000000000001', now(), NULL,  NULL),
('00000008-0000-0000-0000-000000000002', '00000001-0000-0000-0000-000000000004', '00000002-0000-0000-0000-000000000003', '00000006-0000-0000-0000-000000000002', now(), NULL,  NULL),
('00000008-0000-0000-0000-000000000003', '00000001-0000-0000-0000-000000000005', '00000002-0000-0000-0000-000000000001', '00000006-0000-0000-0000-000000000003', now(), NULL,  NULL),
('00000008-0000-0000-0000-000000000004', '00000001-0000-0000-0000-000000000005', '00000002-0000-0000-0000-000000000005', '00000006-0000-0000-0000-000000000004', now(), now(), 'manual'),
('00000008-0000-0000-0000-000000000005', '00000001-0000-0000-0000-000000000006', '00000002-0000-0000-0000-000000000002', '00000006-0000-0000-0000-000000000005', now(), NULL,  NULL),
('00000008-0000-0000-0000-000000000006', '00000001-0000-0000-0000-000000000007', '00000002-0000-0000-0000-000000000006', '00000006-0000-0000-0000-000000000006', now(), NULL,  NULL),
('00000008-0000-0000-0000-000000000007', '00000001-0000-0000-0000-000000000008', '00000002-0000-0000-0000-000000000007', '00000006-0000-0000-0000-000000000007', now(), now(), 'refund'),
('00000008-0000-0000-0000-000000000008', '00000001-0000-0000-0000-000000000009', '00000002-0000-0000-0000-000000000008', '00000006-0000-0000-0000-000000000008', now(), NULL,  NULL),
('00000008-0000-0000-0000-000000000009', '00000001-0000-0000-0000-000000000010', '00000002-0000-0000-0000-000000000003', '00000006-0000-0000-0000-000000000009', now(), now(), 'expiry'),
('00000008-0000-0000-0000-000000000010', '00000001-0000-0000-0000-000000000006', '00000002-0000-0000-0000-000000000010', '00000006-0000-0000-0000-000000000010', now(), NULL,  NULL);

-- =========================
-- Access check log
-- =========================
INSERT INTO access_check_log (event_id, actor_id, course_id, lesson_id, decision, deny_reason, checked_at) VALUES
('ac000001-0000-0000-0000-000000000001', '00000001-0000-0000-0000-000000000004', '00000002-0000-0000-0000-000000000001', '00000003-0000-0000-0000-000000000001', 'allow', NULL,              now()),
('ac000001-0000-0000-0000-000000000002', '00000001-0000-0000-0000-000000000005', '00000002-0000-0000-0000-000000000001', '00000003-0000-0000-0000-000000000002', 'allow', NULL,              now()),
('ac000001-0000-0000-0000-000000000003', '00000001-0000-0000-0000-000000000006', '00000002-0000-0000-0000-000000000002', '00000003-0000-0000-0000-000000000003', 'allow', NULL,              now()),
('ac000001-0000-0000-0000-000000000004', '00000001-0000-0000-0000-000000000007', '00000002-0000-0000-0000-000000000001', '00000003-0000-0000-0000-000000000001', 'deny',  'no_active_grant', now()),
('ac000001-0000-0000-0000-000000000005', '00000001-0000-0000-0000-000000000008', '00000002-0000-0000-0000-000000000007', '00000003-0000-0000-0000-000000000010', 'deny',  'grant_revoked',   now()),
('ac000001-0000-0000-0000-000000000006', '00000001-0000-0000-0000-000000000009', '00000002-0000-0000-0000-000000000008', '00000003-0000-0000-0000-000000000009', 'allow', NULL,              now()),
('ac000001-0000-0000-0000-000000000007', '00000001-0000-0000-0000-000000000010', '00000002-0000-0000-0000-000000000003', '00000003-0000-0000-0000-000000000005', 'deny',  'grant_revoked',   now()),
('ac000001-0000-0000-0000-000000000008', NULL,                                   '00000002-0000-0000-0000-000000000001', '00000003-0000-0000-0000-000000000001', 'deny',  'unauthenticated', now()),
('ac000001-0000-0000-0000-000000000009', '00000001-0000-0000-0000-000000000006', '00000002-0000-0000-0000-000000000010', NULL,                                   'allow', NULL,              now()),
('ac000001-0000-0000-0000-000000000010', '00000001-0000-0000-0000-000000000005', '00000002-0000-0000-0000-000000000005', '00000003-0000-0000-0000-000000000007', 'deny',  'grant_revoked',   now());

-- =========================
-- Progress state
-- =========================
INSERT INTO progress_state (actor_id, course_id, lesson_id, position_ms, percent_complete, updated_at) VALUES
('00000001-0000-0000-0000-000000000004', '00000002-0000-0000-0000-000000000001', '00000003-0000-0000-0000-000000000001', 1823000, 100.00, now()),
('00000001-0000-0000-0000-000000000004', '00000002-0000-0000-0000-000000000001', '00000003-0000-0000-0000-000000000002',  940000,  43.80, now()),
('00000001-0000-0000-0000-000000000005', '00000002-0000-0000-0000-000000000001', '00000003-0000-0000-0000-000000000001',  600000,  32.70, now()),
('00000001-0000-0000-0000-000000000006', '00000002-0000-0000-0000-000000000002', '00000003-0000-0000-0000-000000000003', 1560000, 100.00, now()),
('00000001-0000-0000-0000-000000000006', '00000002-0000-0000-0000-000000000002', '00000003-0000-0000-0000-000000000004', 1200000,  37.40, now()),
('00000001-0000-0000-0000-000000000007', '00000002-0000-0000-0000-000000000006', '00000003-0000-0000-0000-000000000009',  820000,  49.70, now()),
('00000001-0000-0000-0000-000000000009', '00000002-0000-0000-0000-000000000008', '00000003-0000-0000-0000-000000000009',  330000,  20.00, now()),
('00000001-0000-0000-0000-000000000010', '00000002-0000-0000-0000-000000000003', '00000003-0000-0000-0000-000000000005', 1920000, 100.00, now()),
('00000001-0000-0000-0000-000000000010', '00000002-0000-0000-0000-000000000003', '00000003-0000-0000-0000-000000000006',  450000,  16.70, now()),
('00000001-0000-0000-0000-000000000004', '00000002-0000-0000-0000-000000000003', '00000003-0000-0000-0000-000000000005',  960000,  50.00, now());

-- =========================
-- Event log
-- =========================
INSERT INTO event_log (event_id, event_name, schema_version, event_ts, correlation_id, session_id, actor_id, role, service, env, course_id, lesson_id, payload, pii_level) VALUES
('e0000001-0000-0000-0000-000000000001', 'catalog.view_listing',         '1.0.0', now(), gen_random_uuid(), gen_random_uuid(), '00000001-0000-0000-0000-000000000004', 'student', 'catalog',   'prod', NULL,                                   NULL,                                   '{"result_count": 24, "page": 1}',                                                               'none'),
('e0000001-0000-0000-0000-000000000002', 'catalog.search',               '1.0.0', now(), gen_random_uuid(), gen_random_uuid(), '00000001-0000-0000-0000-000000000005', 'student', 'catalog',   'prod', NULL,                                   NULL,                                   '{"query": "python", "result_count": 3, "latency_ms": 42, "zero_results": false}',               'none'),
('e0000001-0000-0000-0000-000000000003', 'access.checkout_start',        '1.0.0', now(), gen_random_uuid(), gen_random_uuid(), '00000001-0000-0000-0000-000000000006', 'student', 'access',    'prod', '00000002-0000-0000-0000-000000000002', NULL,                                   '{"price": 3490.00, "currency": "RUB"}',                                                         'none'),
('e0000001-0000-0000-0000-000000000004', 'access.payment_succeeded',     '1.0.0', now(), gen_random_uuid(), gen_random_uuid(), '00000001-0000-0000-0000-000000000006', 'student', 'access',    'prod', '00000002-0000-0000-0000-000000000002', NULL,                                   '{"txn_id": "00000006-0000-0000-0000-000000000005", "amount": 3490.00}',                         'none'),
('e0000001-0000-0000-0000-000000000005', 'access.granted',               '1.0.0', now(), gen_random_uuid(), gen_random_uuid(), '00000001-0000-0000-0000-000000000006', 'student', 'access',    'prod', '00000002-0000-0000-0000-000000000002', NULL,                                   '{"grant_id": "00000008-0000-0000-0000-000000000005", "reason": "purchase"}',                    'none'),
('e0000001-0000-0000-0000-000000000006', 'player.lesson_open',           '1.0.0', now(), gen_random_uuid(), gen_random_uuid(), '00000001-0000-0000-0000-000000000004', 'student', 'player',    'prod', '00000002-0000-0000-0000-000000000001', '00000003-0000-0000-0000-000000000001', '{"lesson_type": "video", "resumed_from_ms": 0}',                                                'none'),
('e0000001-0000-0000-0000-000000000007', 'player.media_play',            '1.0.0', now(), gen_random_uuid(), gen_random_uuid(), '00000001-0000-0000-0000-000000000004', 'student', 'player',    'prod', '00000002-0000-0000-0000-000000000001', '00000003-0000-0000-0000-000000000001', '{"media_id": "00000004-0000-0000-0000-000000000001", "position_ms": 0}',                        'none'),
('e0000001-0000-0000-0000-000000000008', 'player.heartbeat',             '1.0.0', now(), gen_random_uuid(), gen_random_uuid(), '00000001-0000-0000-0000-000000000004', 'student', 'player',    'prod', '00000002-0000-0000-0000-000000000001', '00000003-0000-0000-0000-000000000001', '{"media_id": "00000004-0000-0000-0000-000000000001", "position_ms": 15000, "watched_delta_ms": 15000}', 'none'),
('e0000001-0000-0000-0000-000000000009', 'player.lesson_complete',       '1.0.0', now(), gen_random_uuid(), gen_random_uuid(), '00000001-0000-0000-0000-000000000004', 'student', 'player',    'prod', '00000002-0000-0000-0000-000000000001', '00000003-0000-0000-0000-000000000001', '{"completion_pct": 100}',                                                                       'none'),
('e0000001-0000-0000-0000-000000000010', 'report.teacher_dashboard_view','1.0.0', now(), gen_random_uuid(), gen_random_uuid(), '00000001-0000-0000-0000-000000000001', 'teacher', 'analytics', 'prod', '00000002-0000-0000-0000-000000000001', NULL,                                   '{"cohort_id": null, "widgets": ["progress", "completion"]}',                                    'none');
